<metadata xml:lang="en"><Esri><CreaDate>20220227</CreaDate><CreaTime>13130300</CreaTime><ArcGISFormat>1.0</ArcGISFormat><SyncOnce>FALSE</SyncOnce><DataProperties><lineage><Process ToolSource="c:\program files (x86)\arcgis\desktop10.7\ArcToolbox\Toolboxes\Data Management Tools.tbx\CalculateField" Date="20210326" Time="134241">CalculateField centerline_LTS_Jan2021 LTS 1 VB #</Process><Process ToolSource="c:\program files (x86)\arcgis\desktop10.7\ArcToolbox\Toolboxes\Data Management Tools.tbx\CalculateField" Date="20210326" Time="134422">CalculateField centerline_LTS_Jan2021 LTS 3 VB #</Process><Process ToolSource="c:\program files (x86)\arcgis\desktop10.7\ArcToolbox\Toolboxes\Data Management Tools.tbx\CalculateField" Date="20210326" Time="134429">CalculateField centerline_LTS_Jan2021 LTS 3 VB #</Process><Process ToolSource="c:\program files (x86)\arcgis\desktop10.7\ArcToolbox\Toolboxes\Data Management Tools.tbx\CalculateField" Date="20210714" Time="134359">CalculateField centerline_LTS_July2021 LTS 1 VB #</Process><Process ToolSource="c:\program files (x86)\arcgis\desktop10.7\ArcToolbox\Toolboxes\Data Management Tools.tbx\CalculateField" Date="20210714" Time="135347">CalculateField centerline_LTS_July2021 LTS 1 VB #</Process><Process ToolSource="c:\program files (x86)\arcgis\desktop10.7\ArcToolbox\Toolboxes\Data Management Tools.tbx\CalculateField" Date="20210714" Time="135416">CalculateField centerline_LTS_July2021 LTS 1 VB #</Process><Process ToolSource="c:\program files (x86)\arcgis\desktop10.7\ArcToolbox\Toolboxes\Data Management Tools.tbx\CalculateField" Date="20210714" Time="135430">CalculateField centerline_LTS_July2021 LTS 1 VB #</Process><Process ToolSource="c:\program files (x86)\arcgis\desktop10.7\ArcToolbox\Toolboxes\Data Management Tools.tbx\CalculateField" Date="20210714" Time="135451">CalculateField centerline_LTS_July2021 LTS 1 VB #</Process><Process ToolSource="c:\program files (x86)\arcgis\desktop10.7\ArcToolbox\Toolboxes\Data Management Tools.tbx\CalculateField" Date="20210714" Time="135529">CalculateField centerline_LTS_July2021 LTS 1 VB #</Process><Process ToolSource="c:\program files (x86)\arcgis\desktop10.7\ArcToolbox\Toolboxes\Data Management Tools.tbx\CalculateField" Date="20210714" Time="135552">CalculateField centerline_LTS_July2021 LTS 1 VB #</Process><Process ToolSource="c:\program files (x86)\arcgis\desktop10.7\ArcToolbox\Toolboxes\Data Management Tools.tbx\CalculateField" Date="20210714" Time="135601">CalculateField centerline_LTS_July2021 LTS 1 VB #</Process><Process ToolSource="c:\program files (x86)\arcgis\desktop10.7\ArcToolbox\Toolboxes\Data Management Tools.tbx\CalculateField" Date="20210714" Time="135613">CalculateField centerline_LTS_July2021 LTS 1 VB #</Process><Process ToolSource="c:\program files (x86)\arcgis\desktop10.7\ArcToolbox\Toolboxes\Data Management Tools.tbx\CalculateField" Date="20210714" Time="144447">CalculateField centerline_LTS_July2021 LTS 1 VB #</Process><Process ToolSource="c:\program files (x86)\arcgis\desktop10.7\ArcToolbox\Toolboxes\Data Management Tools.tbx\CalculateField" Date="20210714" Time="144652">CalculateField centerline_LTS_July2021 LTS 1 VB #</Process><Process ToolSource="c:\program files (x86)\arcgis\desktop10.7\ArcToolbox\Toolboxes\Data Management Tools.tbx\CalculateField" Date="20210714" Time="144705">CalculateField centerline_LTS_July2021 LTS 1 VB #</Process><Process ToolSource="c:\program files (x86)\arcgis\desktop10.7\ArcToolbox\Toolboxes\Data Management Tools.tbx\CalculateField" Date="20210714" Time="144730">CalculateField centerline_LTS_July2021 LTS 1 VB #</Process><Process ToolSource="c:\program files (x86)\arcgis\desktop10.7\ArcToolbox\Toolboxes\Data Management Tools.tbx\CalculateField" Date="20210714" Time="144805">CalculateField centerline_LTS_July2021 LTS 1 VB #</Process><Process ToolSource="c:\program files (x86)\arcgis\desktop10.7\ArcToolbox\Toolboxes\Data Management Tools.tbx\CalculateField" Date="20210714" Time="144855">CalculateField centerline_LTS_July2021 LTS 1 VB #</Process><Process ToolSource="c:\program files (x86)\arcgis\desktop10.7\ArcToolbox\Toolboxes\Data Management Tools.tbx\CalculateField" Date="20210714" Time="145026">CalculateField centerline_LTS_July2021 LTS 1 VB #</Process><Process ToolSource="c:\program files (x86)\arcgis\desktop10.7\ArcToolbox\Toolboxes\Data Management Tools.tbx\CalculateField" Date="20210714" Time="145149">CalculateField centerline_LTS_July2021 LTS 1 VB #</Process><Process Name="Add Field" ToolSource="c:\program files (x86)\arcgis\desktop10.7\ArcToolbox\Toolboxes\Data Management Tools.tbx\AddField" Date="20211016" Time="160302">AddField "C:\Users\Bo Lin\OneDrive - University of Toronto\Saxe-Chan-Lin\ArcGIS_working_folder\TRT Road Network\03TRT_LTS_network_updating.gdb\LTS_network_July2021" ONEWAY TEXT # # # # NULLABLE NON_REQUIRED #</Process><Process Name="Calculate Field" ToolSource="c:\program files (x86)\arcgis\desktop10.7\ArcToolbox\Toolboxes\Data Management Tools.tbx\CalculateField" Date="20211016" Time="160414">CalculateField "C:\Users\Bo Lin\OneDrive - University of Toronto\Saxe-Chan-Lin\ArcGIS_working_folder\TRT Road Network\03TRT_LTS_network_updating.gdb\LTS_network_July2021" ONEWAY oneway( !ONE_WAY_DI! ) PYTHON_9.3 "def oneway(c):\n    if  c == 1:\n        return "F"\n    elif c == -1:\n        return "T"\n    else:\n        return "0""</Process><Process Name="Feature Class to Feature Class" ToolSource="c:\program files (x86)\arcgis\desktop10.7\ArcToolbox\Toolboxes\Conversion Tools.tbx\FeatureClassToFeatureClass" Date="20211016" Time="160743">FeatureClassToFeatureClass "C:\Users\Bo Lin\OneDrive - University of Toronto\Saxe-Chan-Lin\ArcGIS_working_folder\TRT Road Network\03TRT_LTS_network_updating.gdb\LTS_network_July2021" "C:\Users\Bo Lin\OneDrive - University of Toronto\Saxe-Chan-Lin\ArcGIS_working_folder\TRT Road Network\03TRT_LTS_network_updating.gdb" LTS_network_July2021_less4 # "OBJECTID "OBJECTID" true true false 4 Long 0 0 ,First,#,C:\Users\Bo Lin\OneDrive - University of Toronto\Saxe-Chan-Lin\ArcGIS_working_folder\TRT Road Network\03TRT_LTS_network_updating.gdb\LTS_network_July2021,OBJECTID,-1,-1;GEO_ID "GEO_ID" true true false 4 Long 0 0 ,First,#,C:\Users\Bo Lin\OneDrive - University of Toronto\Saxe-Chan-Lin\ArcGIS_working_folder\TRT Road Network\03TRT_LTS_network_updating.gdb\LTS_network_July2021,GEO_ID,-1,-1;LFN_ID "LFN_ID" true true false 4 Long 0 0 ,First,#,C:\Users\Bo Lin\OneDrive - University of Toronto\Saxe-Chan-Lin\ArcGIS_working_folder\TRT Road Network\03TRT_LTS_network_updating.gdb\LTS_network_July2021,LFN_ID,-1,-1;LF_NAME "LF_NAME" true true false 110 Text 0 0 ,First,#,C:\Users\Bo Lin\OneDrive - University of Toronto\Saxe-Chan-Lin\ArcGIS_working_folder\TRT Road Network\03TRT_LTS_network_updating.gdb\LTS_network_July2021,LF_NAME,-1,-1;FNODE "FNODE" true true false 4 Long 0 0 ,First,#,C:\Users\Bo Lin\OneDrive - University of Toronto\Saxe-Chan-Lin\ArcGIS_working_folder\TRT Road Network\03TRT_LTS_network_updating.gdb\LTS_network_July2021,FNODE,-1,-1;TNODE "TNODE" true true false 4 Long 0 0 ,First,#,C:\Users\Bo Lin\OneDrive - University of Toronto\Saxe-Chan-Lin\ArcGIS_working_folder\TRT Road Network\03TRT_LTS_network_updating.gdb\LTS_network_July2021,TNODE,-1,-1;ONE_WAY_DI "ONE_WAY_DI" true true false 4 Long 0 0 ,First,#,C:\Users\Bo Lin\OneDrive - University of Toronto\Saxe-Chan-Lin\ArcGIS_working_folder\TRT Road Network\03TRT_LTS_network_updating.gdb\LTS_network_July2021,ONE_WAY_DI,-1,-1;length_in_ "length_in_" true true false 8 Double 0 0 ,First,#,C:\Users\Bo Lin\OneDrive - University of Toronto\Saxe-Chan-Lin\ArcGIS_working_folder\TRT Road Network\03TRT_LTS_network_updating.gdb\LTS_network_July2021,length_in_,-1,-1;GEO_ID_1 "GEO_ID_1" true true false 4 Long 0 0 ,First,#,C:\Users\Bo Lin\OneDrive - University of Toronto\Saxe-Chan-Lin\ArcGIS_working_folder\TRT Road Network\03TRT_LTS_network_updating.gdb\LTS_network_July2021,GEO_ID_1,-1,-1;LTS "LTS" true true false 4 Long 0 0 ,First,#,C:\Users\Bo Lin\OneDrive - University of Toronto\Saxe-Chan-Lin\ArcGIS_working_folder\TRT Road Network\03TRT_LTS_network_updating.gdb\LTS_network_July2021,LTS,-1,-1;Shape_Leng "Shape_Leng" true true false 8 Double 0 0 ,First,#,C:\Users\Bo Lin\OneDrive - University of Toronto\Saxe-Chan-Lin\ArcGIS_working_folder\TRT Road Network\03TRT_LTS_network_updating.gdb\LTS_network_July2021,Shape_Leng,-1,-1;Shape_Length "Shape_Length" false true true 8 Double 0 0 ,First,#,C:\Users\Bo Lin\OneDrive - University of Toronto\Saxe-Chan-Lin\ArcGIS_working_folder\TRT Road Network\03TRT_LTS_network_updating.gdb\LTS_network_July2021,Shape_Length,-1,-1;ONEWAY "ONEWAY" true true false 255 Text 0 0 ,First,#,C:\Users\Bo Lin\OneDrive - University of Toronto\Saxe-Chan-Lin\ArcGIS_working_folder\TRT Road Network\03TRT_LTS_network_updating.gdb\LTS_network_July2021,ONEWAY,-1,-1" #</Process><Process Name="Add Field (2)" ToolSource="c:\program files (x86)\arcgis\desktop10.7\ArcToolbox\Toolboxes\Data Management Tools.tbx\AddField" Date="20211016" Time="161112">AddField "C:\Users\Bo Lin\OneDrive - University of Toronto\Saxe-Chan-Lin\ArcGIS_working_folder\TRT Road Network\03TRT_LTS_network_updating.gdb\LTS_network_July2021_less4" LTS_less4 TEXT # # # # NULLABLE NON_REQUIRED #</Process><Process Name="Calculate Field (2)" ToolSource="c:\program files (x86)\arcgis\desktop10.7\ArcToolbox\Toolboxes\Data Management Tools.tbx\CalculateField" Date="20211016" Time="161327">CalculateField "C:\Users\Bo Lin\OneDrive - University of Toronto\Saxe-Chan-Lin\ArcGIS_working_folder\TRT Road Network\03TRT_LTS_network_updating.gdb\LTS_network_July2021_less4" LTS_less4 judge( !LTS!) PYTHON_9.3 "def judge(lts):\n    if lts &lt;= 4:\n        return "T"\n    else:\n        return "F" "</Process><Process ToolSource="c:\program files (x86)\arcgis\desktop10.7\ArcToolbox\Toolboxes\Conversion Tools.tbx\FeatureClassToFeatureClass" Date="20211016" Time="162208">FeatureClassToFeatureClass "C:\Users\Bo Lin\OneDrive - University of Toronto\Saxe-Chan-Lin\ArcGIS_working_folder\TRT Road Network\03TRT_LTS_network_updating.gdb\LTS_network_July2021_less4" "C:\Users\Bo Lin\OneDrive - University of Toronto\Saxe-Chan-Lin\ArcGIS_working_folder\TRT Road Network\July2021_shapefile" trt_network_leq_lts4.shp # "OBJECTID "OBJECTID" true true false 4 Long 0 0 ,First,#,C:\Users\Bo Lin\OneDrive - University of Toronto\Saxe-Chan-Lin\ArcGIS_working_folder\TRT Road Network\03TRT_LTS_network_updating.gdb\LTS_network_July2021_less4,OBJECTID,-1,-1;GEO_ID "GEO_ID" true true false 4 Long 0 0 ,First,#,C:\Users\Bo Lin\OneDrive - University of Toronto\Saxe-Chan-Lin\ArcGIS_working_folder\TRT Road Network\03TRT_LTS_network_updating.gdb\LTS_network_July2021_less4,GEO_ID,-1,-1;LFN_ID "LFN_ID" true true false 4 Long 0 0 ,First,#,C:\Users\Bo Lin\OneDrive - University of Toronto\Saxe-Chan-Lin\ArcGIS_working_folder\TRT Road Network\03TRT_LTS_network_updating.gdb\LTS_network_July2021_less4,LFN_ID,-1,-1;LF_NAME "LF_NAME" true true false 110 Text 0 0 ,First,#,C:\Users\Bo Lin\OneDrive - University of Toronto\Saxe-Chan-Lin\ArcGIS_working_folder\TRT Road Network\03TRT_LTS_network_updating.gdb\LTS_network_July2021_less4,LF_NAME,-1,-1;FNODE "FNODE" true true false 4 Long 0 0 ,First,#,C:\Users\Bo Lin\OneDrive - University of Toronto\Saxe-Chan-Lin\ArcGIS_working_folder\TRT Road Network\03TRT_LTS_network_updating.gdb\LTS_network_July2021_less4,FNODE,-1,-1;TNODE "TNODE" true true false 4 Long 0 0 ,First,#,C:\Users\Bo Lin\OneDrive - University of Toronto\Saxe-Chan-Lin\ArcGIS_working_folder\TRT Road Network\03TRT_LTS_network_updating.gdb\LTS_network_July2021_less4,TNODE,-1,-1;ONE_WAY_DI "ONE_WAY_DI" true true false 4 Long 0 0 ,First,#,C:\Users\Bo Lin\OneDrive - University of Toronto\Saxe-Chan-Lin\ArcGIS_working_folder\TRT Road Network\03TRT_LTS_network_updating.gdb\LTS_network_July2021_less4,ONE_WAY_DI,-1,-1;length_in_ "length_in_" true true false 8 Double 0 0 ,First,#,C:\Users\Bo Lin\OneDrive - University of Toronto\Saxe-Chan-Lin\ArcGIS_working_folder\TRT Road Network\03TRT_LTS_network_updating.gdb\LTS_network_July2021_less4,length_in_,-1,-1;GEO_ID_1 "GEO_ID_1" true true false 4 Long 0 0 ,First,#,C:\Users\Bo Lin\OneDrive - University of Toronto\Saxe-Chan-Lin\ArcGIS_working_folder\TRT Road Network\03TRT_LTS_network_updating.gdb\LTS_network_July2021_less4,GEO_ID_1,-1,-1;LTS "LTS" true true false 4 Long 0 0 ,First,#,C:\Users\Bo Lin\OneDrive - University of Toronto\Saxe-Chan-Lin\ArcGIS_working_folder\TRT Road Network\03TRT_LTS_network_updating.gdb\LTS_network_July2021_less4,LTS,-1,-1;Shape_Leng "Shape_Leng" true true false 8 Double 0 0 ,First,#,C:\Users\Bo Lin\OneDrive - University of Toronto\Saxe-Chan-Lin\ArcGIS_working_folder\TRT Road Network\03TRT_LTS_network_updating.gdb\LTS_network_July2021_less4,Shape_Leng,-1,-1;ONEWAY "ONEWAY" true true false 255 Text 0 0 ,First,#,C:\Users\Bo Lin\OneDrive - University of Toronto\Saxe-Chan-Lin\ArcGIS_working_folder\TRT Road Network\03TRT_LTS_network_updating.gdb\LTS_network_July2021_less4,ONEWAY,-1,-1;Shape_Le_1 "Shape_Le_1" false true true 8 Double 0 0 ,First,#,C:\Users\Bo Lin\OneDrive - University of Toronto\Saxe-Chan-Lin\ArcGIS_working_folder\TRT Road Network\03TRT_LTS_network_updating.gdb\LTS_network_July2021_less4,Shape_Length,-1,-1;LTS_less4 "LTS_less4" true true false 255 Text 0 0 ,First,#,C:\Users\Bo Lin\OneDrive - University of Toronto\Saxe-Chan-Lin\ArcGIS_working_folder\TRT Road Network\03TRT_LTS_network_updating.gdb\LTS_network_July2021_less4,LTS_less4,-1,-1" #</Process><Process ToolSource="c:\program files\arcgis\pro\Resources\ArcToolbox\toolboxes\Conversion Tools.tbx\FeatureClassToFeatureClass" Date="20220115" Time="154509">FeatureClassToFeatureClass "C:\Users\Bo Lin\OneDrive - University of Toronto\bike_share_LTS\MyProject\data\trt_network_leq_lts4.shp" "C:\Users\Bo Lin\OneDrive - University of Toronto\bike_share_LTS\MyProject\input.gdb" lts4 # "OBJECTID "OBJECTID" true true false 10 Long 0 10,First,#,C:\Users\Bo Lin\OneDrive - University of Toronto\bike_share_LTS\MyProject\data\trt_network_leq_lts4.shp,OBJECTID,-1,-1;GEO_ID "GEO_ID" true true false 10 Long 0 10,First,#,C:\Users\Bo Lin\OneDrive - University of Toronto\bike_share_LTS\MyProject\data\trt_network_leq_lts4.shp,GEO_ID,-1,-1;LFN_ID "LFN_ID" true true false 10 Long 0 10,First,#,C:\Users\Bo Lin\OneDrive - University of Toronto\bike_share_LTS\MyProject\data\trt_network_leq_lts4.shp,LFN_ID,-1,-1;LF_NAME "LF_NAME" true true false 110 Text 0 0,First,#,C:\Users\Bo Lin\OneDrive - University of Toronto\bike_share_LTS\MyProject\data\trt_network_leq_lts4.shp,LF_NAME,0,110;FNODE "FNODE" true true false 10 Long 0 10,First,#,C:\Users\Bo Lin\OneDrive - University of Toronto\bike_share_LTS\MyProject\data\trt_network_leq_lts4.shp,FNODE,-1,-1;TNODE "TNODE" true true false 10 Long 0 10,First,#,C:\Users\Bo Lin\OneDrive - University of Toronto\bike_share_LTS\MyProject\data\trt_network_leq_lts4.shp,TNODE,-1,-1;ONE_WAY_DI "ONE_WAY_DI" true true false 10 Long 0 10,First,#,C:\Users\Bo Lin\OneDrive - University of Toronto\bike_share_LTS\MyProject\data\trt_network_leq_lts4.shp,ONE_WAY_DI,-1,-1;length_in_ "length_in_" true true false 19 Double 0 0,First,#,C:\Users\Bo Lin\OneDrive - University of Toronto\bike_share_LTS\MyProject\data\trt_network_leq_lts4.shp,length_in_,-1,-1;GEO_ID_1 "GEO_ID_1" true true false 10 Long 0 10,First,#,C:\Users\Bo Lin\OneDrive - University of Toronto\bike_share_LTS\MyProject\data\trt_network_leq_lts4.shp,GEO_ID_1,-1,-1;LTS "LTS" true true false 10 Long 0 10,First,#,C:\Users\Bo Lin\OneDrive - University of Toronto\bike_share_LTS\MyProject\data\trt_network_leq_lts4.shp,LTS,-1,-1;Shape_Leng "Shape_Leng" true true false 19 Double 0 0,First,#,C:\Users\Bo Lin\OneDrive - University of Toronto\bike_share_LTS\MyProject\data\trt_network_leq_lts4.shp,Shape_Leng,-1,-1;ONEWAY "ONEWAY" true true false 254 Text 0 0,First,#,C:\Users\Bo Lin\OneDrive - University of Toronto\bike_share_LTS\MyProject\data\trt_network_leq_lts4.shp,ONEWAY,0,254;Shape_Le_1 "Shape_Le_1" true true false 19 Double 0 0,First,#,C:\Users\Bo Lin\OneDrive - University of Toronto\bike_share_LTS\MyProject\data\trt_network_leq_lts4.shp,Shape_Le_1,-1,-1;LTS_less4 "LTS_less4" true true false 254 Text 0 0,First,#,C:\Users\Bo Lin\OneDrive - University of Toronto\bike_share_LTS\MyProject\data\trt_network_leq_lts4.shp,LTS_less4,0,254" #</Process><Process ToolSource="c:\program files\arcgis\pro\Resources\ArcToolbox\toolboxes\Data Management Tools.tbx\CalculateField" Date="20220223" Time="230700">CalculateField lts4 LTS 1 "Python 3" # Text NO_ENFORCE_DOMAINS</Process><Process ToolSource="c:\program files\arcgis\pro\Resources\ArcToolbox\toolboxes\Data Management Tools.tbx\CalculateField" Date="20220223" Time="231315">CalculateField lts4 LTS 4 "Python 3" # Text NO_ENFORCE_DOMAINS</Process><Process Name="Add Field" ToolSource="c:\program files (x86)\arcgis\desktop10.7\ArcToolbox\Toolboxes\Data Management Tools.tbx\AddField" Date="20220227" Time="135742">AddField "C:\Users\Bo Lin\OneDrive - University of Toronto\Saxe-Chan-Lin\ArcGIS_working_folder\TRT Road Network\03TRT_LTS_network_updating.gdb\LTS_network_July2021" ONEWAY TEXT # # # # NULLABLE NON_REQUIRED #</Process><Process Name="Calculate Field" ToolSource="c:\program files (x86)\arcgis\desktop10.7\ArcToolbox\Toolboxes\Data Management Tools.tbx\CalculateField" Date="20220227" Time="135748">CalculateField "C:\Users\Bo Lin\OneDrive - University of Toronto\Saxe-Chan-Lin\ArcGIS_working_folder\TRT Road Network\03TRT_LTS_network_updating.gdb\LTS_network_July2021" ONEWAY oneway( !ONE_WAY_DI! ) PYTHON_9.3 "def oneway(c):\n    if  c == 1:\n        return "F"\n    elif c == -1:\n        return "T"\n    else:\n        return "0""</Process><Process ToolSource="c:\program files (x86)\arcgis\desktop10.7\ArcToolbox\Toolboxes\Data Management Tools.tbx\CalculateField" Date="20220227" Time="144054">CalculateField LTS_network_July2021 LTS 1 VB #</Process><Process Name="Add Field" ToolSource="c:\program files (x86)\arcgis\desktop10.7\ArcToolbox\Toolboxes\Data Management Tools.tbx\AddField" Date="20220227" Time="144400">AddField "C:\Users\Bo Lin\OneDrive - University of Toronto\Saxe-Chan-Lin\ArcGIS_working_folder\TRT Road Network\03TRT_LTS_network_updating.gdb\LTS_network_July2021" ONEWAY TEXT # # # # NULLABLE NON_REQUIRED #</Process><Process Name="Calculate Field" ToolSource="c:\program files (x86)\arcgis\desktop10.7\ArcToolbox\Toolboxes\Data Management Tools.tbx\CalculateField" Date="20220227" Time="144411">CalculateField "C:\Users\Bo Lin\OneDrive - University of Toronto\Saxe-Chan-Lin\ArcGIS_working_folder\TRT Road Network\03TRT_LTS_network_updating.gdb\LTS_network_July2021" ONEWAY oneway( !ONE_WAY_DI! ) PYTHON_9.3 "def oneway(c):\n    if  c == 1:\n        return "F"\n    elif c == -1:\n        return "T"\n    else:\n        return "0""</Process><Process ToolSource="c:\program files\arcgis\pro\Resources\ArcToolbox\toolboxes\Data Management Tools.tbx\CalculateField" Date="20220404" Time="141735">CalculateField LTS_network_July2021 LTS 1 "Python 3" # Text NO_ENFORCE_DOMAINS</Process><Process ToolSource="c:\program files\arcgis\pro\Resources\ArcToolbox\toolboxes\Data Management Tools.tbx\CalculateField" Date="20220404" Time="141744">CalculateField LTS_network_July2021 LTS 1 "Python 3" # Text NO_ENFORCE_DOMAINS</Process><Process ToolSource="c:\program files\arcgis\pro\Resources\ArcToolbox\toolboxes\Data Management Tools.tbx\CalculateField" Date="20220404" Time="141749">CalculateField LTS_network_July2021 LTS 1 "Python 3" # Text NO_ENFORCE_DOMAINS</Process><Process ToolSource="c:\program files\arcgis\pro\Resources\ArcToolbox\toolboxes\Data Management Tools.tbx\CalculateField" Date="20220404" Time="141753">CalculateField LTS_network_July2021 LTS 1 "Python 3" # Text NO_ENFORCE_DOMAINS</Process><Process ToolSource="c:\program files\arcgis\pro\Resources\ArcToolbox\toolboxes\Data Management Tools.tbx\CalculateField" Date="20220404" Time="141759">CalculateField LTS_network_July2021 LTS 1 "Python 3" # Text NO_ENFORCE_DOMAINS</Process><Process ToolSource="c:\program files\arcgis\pro\Resources\ArcToolbox\toolboxes\Data Management Tools.tbx\CopyFeatures" Date="20220412" Time="215809">CopyFeatures "C:\Users\Bo Lin\OneDrive - University of Toronto\Saxe-Chan-Lin\ArcGIS_working_folder\TRT Road Network\03TRT_LTS_network_updating.gdb\LTS_network_July2021" "C:\Users\Bo Lin\OneDrive - University of Toronto\Saxe-Chan-Lin\ArcGIS_working_folder\TRT Road Network\July2021_shapefile\LTS_network_July2021.shp" # # # #</Process></lineage><itemProps><itemLocation><linkage Sync="TRUE">file://\\DESKTOP-6HNNELE\C$\Users\Bo Lin\OneDrive - University of Toronto\Saxe-Chan-Lin\ArcGIS_working_folder\TRT Road Network\July2021_shapefile\LTS_network_July2021.shp</linkage><protocol Sync="TRUE">Local Area Network</protocol></itemLocation><itemName Sync="TRUE">LTS_network_July2021</itemName><imsContentType Sync="TRUE">002</imsContentType><itemSize Sync="TRUE">0.000</itemSize></itemProps><coordRef><type Sync="TRUE">Geographic</type><geogcsn Sync="TRUE">GCS_WGS_1984</geogcsn><csUnits Sync="TRUE">Angular Unit: Degree (0.017453)</csUnits><peXml Sync="TRUE">&lt;GeographicCoordinateSystem xsi:type='typens:GeographicCoordinateSystem' xmlns:xsi='http://www.w3.org/2001/XMLSchema-instance' xmlns:xs='http://www.w3.org/2001/XMLSchema' xmlns:typens='http://www.esri.com/schemas/ArcGIS/2.9.0'&gt;&lt;WKT&gt;GEOGCS[&amp;quot;GCS_WGS_1984&amp;quot;,DATUM[&amp;quot;D_WGS_1984&amp;quot;,SPHEROID[&amp;quot;WGS_1984&amp;quot;,6378137.0,298.257223563]],PRIMEM[&amp;quot;Greenwich&amp;quot;,0.0],UNIT[&amp;quot;Degree&amp;quot;,0.0174532925199433],AUTHORITY[&amp;quot;EPSG&amp;quot;,4326]]&lt;/WKT&gt;&lt;XOrigin&gt;-400&lt;/XOrigin&gt;&lt;YOrigin&gt;-400&lt;/YOrigin&gt;&lt;XYScale&gt;11258999068426.238&lt;/XYScale&gt;&lt;ZOrigin&gt;-100000&lt;/ZOrigin&gt;&lt;ZScale&gt;10000&lt;/ZScale&gt;&lt;MOrigin&gt;-100000&lt;/MOrigin&gt;&lt;MScale&gt;10000&lt;/MScale&gt;&lt;XYTolerance&gt;8.983152841195215e-09&lt;/XYTolerance&gt;&lt;ZTolerance&gt;0.001&lt;/ZTolerance&gt;&lt;MTolerance&gt;0.001&lt;/MTolerance&gt;&lt;HighPrecision&gt;true&lt;/HighPrecision&gt;&lt;LeftLongitude&gt;-180&lt;/LeftLongitude&gt;&lt;WKID&gt;4326&lt;/WKID&gt;&lt;LatestWKID&gt;4326&lt;/LatestWKID&gt;&lt;/GeographicCoordinateSystem&gt;</peXml></coordRef></DataProperties><SyncDate>20220412</SyncDate><SyncTime>21580500</SyncTime><ModDate>20220412</ModDate><ModTime>21580500</ModTime></Esri><dataIdInfo><envirDesc Sync="TRUE">Microsoft Windows 10 Version 10.0 (Build 19041) ; Esri ArcGIS 12.9.0.32739</envirDesc><dataLang><languageCode value="eng" Sync="TRUE"></languageCode><countryCode value="CAN" Sync="TRUE"></countryCode></dataLang><idCitation><resTitle Sync="TRUE">LTS_network_July2021</resTitle><presForm><PresFormCd value="005" Sync="TRUE"></PresFormCd></presForm></idCitation><spatRpType><SpatRepTypCd value="001" Sync="TRUE"></SpatRepTypCd></spatRpType></dataIdInfo><mdLang><languageCode value="eng" Sync="TRUE"></languageCode><countryCode value="CAN" Sync="TRUE"></countryCode></mdLang><distInfo><distFormat><formatName Sync="TRUE">Shapefile</formatName></distFormat><distTranOps><transSize Sync="TRUE">0.000</transSize></distTranOps></distInfo><mdHrLv><ScopeCd value="005" Sync="TRUE"></ScopeCd></mdHrLv><mdHrLvName Sync="TRUE">dataset</mdHrLvName><refSysInfo><RefSystem><refSysID><identCode code="4326" Sync="TRUE"></identCode><idCodeSpace Sync="TRUE">EPSG</idCodeSpace><idVersion Sync="TRUE">6.2(3.0.1)</idVersion></refSysID></RefSystem></refSysInfo><spatRepInfo><VectSpatRep><geometObjs Name="LTS_network_July2021"><geoObjTyp><GeoObjTypCd value="002" Sync="TRUE"></GeoObjTypCd></geoObjTyp><geoObjCnt Sync="TRUE">0</geoObjCnt></geometObjs><topLvl><TopoLevCd value="001" Sync="TRUE"></TopoLevCd></topLvl></VectSpatRep></spatRepInfo><spdoinfo><ptvctinf><esriterm Name="LTS_network_July2021"><efeatyp Sync="TRUE">Simple</efeatyp><efeageom code="3" Sync="TRUE"></efeageom><esritopo Sync="TRUE">FALSE</esritopo><efeacnt Sync="TRUE">0</efeacnt><spindex Sync="TRUE">FALSE</spindex><linrefer Sync="TRUE">FALSE</linrefer></esriterm></ptvctinf></spdoinfo><eainfo><detailed Name="LTS_network_July2021"><enttyp><enttypl Sync="TRUE">LTS_network_July2021</enttypl><enttypt Sync="TRUE">Feature Class</enttypt><enttypc Sync="TRUE">0</enttypc></enttyp><attr><attrlabl Sync="TRUE">FID</attrlabl><attalias Sync="TRUE">FID</attalias><attrtype Sync="TRUE">OID</attrtype><attwidth Sync="TRUE">4</attwidth><atprecis Sync="TRUE">0</atprecis><attscale Sync="TRUE">0</attscale><attrdef Sync="TRUE">Internal feature number.</attrdef><attrdefs Sync="TRUE">Esri</attrdefs><attrdomv><udom Sync="TRUE">Sequential unique whole numbers that are automatically generated.</udom></attrdomv></attr><attr><attrlabl Sync="TRUE">Shape</attrlabl><attalias Sync="TRUE">Shape</attalias><attrtype Sync="TRUE">Geometry</attrtype><attwidth Sync="TRUE">0</attwidth><atprecis Sync="TRUE">0</atprecis><attscale Sync="TRUE">0</attscale><attrdef Sync="TRUE">Feature geometry.</attrdef><attrdefs Sync="TRUE">Esri</attrdefs><attrdomv><udom Sync="TRUE">Coordinates defining the features.</udom></attrdomv></attr><attr><attrlabl Sync="TRUE">OBJECTID</attrlabl><attalias Sync="TRUE">OBJECTID</attalias><attrtype Sync="TRUE">Integer</attrtype><attwidth Sync="TRUE">10</attwidth><atprecis Sync="TRUE">10</atprecis><attscale Sync="TRUE">0</attscale></attr><attr><attrlabl Sync="TRUE">GEO_ID</attrlabl><attalias Sync="TRUE">GEO_ID</attalias><attrtype Sync="TRUE">Integer</attrtype><attwidth Sync="TRUE">10</attwidth><atprecis Sync="TRUE">10</atprecis><attscale Sync="TRUE">0</attscale></attr><attr><attrlabl Sync="TRUE">LFN_ID</attrlabl><attalias Sync="TRUE">LFN_ID</attalias><attrtype Sync="TRUE">Integer</attrtype><attwidth Sync="TRUE">10</attwidth><atprecis Sync="TRUE">10</atprecis><attscale Sync="TRUE">0</attscale></attr><attr><attrlabl Sync="TRUE">LF_NAME</attrlabl><attalias Sync="TRUE">LF_NAME</attalias><attrtype Sync="TRUE">String</attrtype><attwidth Sync="TRUE">110</attwidth><atprecis Sync="TRUE">0</atprecis><attscale Sync="TRUE">0</attscale></attr><attr><attrlabl Sync="TRUE">FNODE</attrlabl><attalias Sync="TRUE">FNODE</attalias><attrtype Sync="TRUE">Integer</attrtype><attwidth Sync="TRUE">10</attwidth><atprecis Sync="TRUE">10</atprecis><attscale Sync="TRUE">0</attscale></attr><attr><attrlabl Sync="TRUE">TNODE</attrlabl><attalias Sync="TRUE">TNODE</attalias><attrtype Sync="TRUE">Integer</attrtype><attwidth Sync="TRUE">10</attwidth><atprecis Sync="TRUE">10</atprecis><attscale Sync="TRUE">0</attscale></attr><attr><attrlabl Sync="TRUE">ONE_WAY_DI</attrlabl><attalias Sync="TRUE">ONE_WAY_DI</attalias><attrtype Sync="TRUE">Integer</attrtype><attwidth Sync="TRUE">10</attwidth><atprecis Sync="TRUE">10</atprecis><attscale Sync="TRUE">0</attscale></attr><attr><attrlabl Sync="TRUE">length_in_</attrlabl><attalias Sync="TRUE">length_in_</attalias><attrtype Sync="TRUE">Double</attrtype><attwidth Sync="TRUE">19</attwidth><atprecis Sync="TRUE">0</atprecis><attscale Sync="TRUE">0</attscale></attr><attr><attrlabl Sync="TRUE">GEO_ID_1</attrlabl><attalias Sync="TRUE">GEO_ID_1</attalias><attrtype Sync="TRUE">Integer</attrtype><attwidth Sync="TRUE">10</attwidth><atprecis Sync="TRUE">10</atprecis><attscale Sync="TRUE">0</attscale></attr><attr><attrlabl Sync="TRUE">LTS</attrlabl><attalias Sync="TRUE">LTS</attalias><attrtype Sync="TRUE">Integer</attrtype><attwidth Sync="TRUE">10</attwidth><atprecis Sync="TRUE">10</atprecis><attscale Sync="TRUE">0</attscale></attr><attr><attrlabl Sync="TRUE">Shape_Leng</attrlabl><attalias Sync="TRUE">Shape_Leng</attalias><attrtype Sync="TRUE">Double</attrtype><attwidth Sync="TRUE">19</attwidth><atprecis Sync="TRUE">0</atprecis><attscale Sync="TRUE">0</attscale></attr><attr><attrlabl Sync="TRUE">ONEWAY</attrlabl><attalias Sync="TRUE">ONEWAY</attalias><attrtype Sync="TRUE">String</attrtype><attwidth Sync="TRUE">254</attwidth><atprecis Sync="TRUE">0</atprecis><attscale Sync="TRUE">0</attscale></attr><attr><attrlabl Sync="TRUE">Shape_Le_1</attrlabl><attalias Sync="TRUE">Shape_Le_1</attalias><attrtype Sync="TRUE">Double</attrtype><attwidth Sync="TRUE">19</attwidth><atprecis Sync="TRUE">0</atprecis><attscale Sync="TRUE">0</attscale></attr><attr><attrlabl Sync="TRUE">Shape_Le_2</attrlabl><attalias Sync="TRUE">Shape_Le_2</attalias><attrtype Sync="TRUE">Double</attrtype><attwidth Sync="TRUE">19</attwidth><atprecis Sync="TRUE">0</atprecis><attscale Sync="TRUE">0</attscale></attr><attr><attrlabl Sync="TRUE">LTS_less4</attrlabl><attalias Sync="TRUE">LTS_less4</attalias><attrtype Sync="TRUE">String</attrtype><attwidth Sync="TRUE">254</attwidth><atprecis Sync="TRUE">0</atprecis><attscale Sync="TRUE">0</attscale></attr></detailed></eainfo><mdDateSt Sync="TRUE">20220412</mdDateSt></metadata>
